{"name":"build-javascript","namedChunkGroups":{"polyfill":{"name":"polyfill","assets":[{"name":"webpack-runtime-eb5ba288ba29f3dce589.js","size":4701},{"name":"polyfill-86742af48722dbe64030.js","size":85037}],"filteredAssets":0,"assetsSize":89738,"filteredAuxiliaryAssets":2,"auxiliaryAssetsSize":229195},"app":{"name":"app","assets":[{"name":"webpack-runtime-eb5ba288ba29f3dce589.js","size":4701},{"name":"styles.db4657ffb9c51f4a6ea9.css","size":19337},{"name":"framework-df85d0ca2ce743d7ba5a.js","size":129773},{"name":"app-7fbb6a38597bf9b78640.js","size":94842}],"filteredAssets":0,"assetsSize":248653,"filteredAuxiliaryAssets":7,"auxiliaryAssetsSize":1490520},"component---src-pages-404-js":{"name":"component---src-pages-404-js","assets":[{"name":"styles.db4657ffb9c51f4a6ea9.css","size":19337},{"name":"0c428ae2-88832d264863051a9f9e.js","size":2590},{"name":"component---src-pages-404-js-4b4e678c9f259ebbede5.js","size":5059}],"filteredAssets":0,"assetsSize":26986,"filteredAuxiliaryAssets":6,"auxiliaryAssetsSize":2050893},"component---src-pages-home-page-js":{"name":"component---src-pages-home-page-js","assets":[{"name":"styles.db4657ffb9c51f4a6ea9.css","size":19337},{"name":"0c428ae2-88832d264863051a9f9e.js","size":2590},{"name":"78e521c3-f8c90ac8d031bc8b4095.js","size":2002},{"name":"1bfc9850-dcb89574fb127196bddb.js","size":852},{"name":"9cff3bd197991cce19fdd05a671461eaa5759f80-def09805b5457d09d1ab.js","size":57629}],"filteredAssets":0,"assetsSize":82410,"filteredAuxiliaryAssets":21,"auxiliaryAssetsSize":20748107},"component---src-pages-index-js":{"name":"component---src-pages-index-js","assets":[{"name":"styles.db4657ffb9c51f4a6ea9.css","size":19337},{"name":"0c428ae2-88832d264863051a9f9e.js","size":2590},{"name":"78e521c3-f8c90ac8d031bc8b4095.js","size":2002},{"name":"1bfc9850-dcb89574fb127196bddb.js","size":852},{"name":"9cff3bd197991cce19fdd05a671461eaa5759f80-def09805b5457d09d1ab.js","size":57629},{"name":"2455db69f288d6d300a68963d313bd25e7daaf14-4b53fdec7127de5cc5f5.js","size":22600},{"name":"component---src-pages-index-js-1cc8ec73b4faeecace12.js","size":395}],"filteredAssets":0,"assetsSize":105405,"filteredAuxiliaryAssets":24,"auxiliaryAssetsSize":20967259},"component---src-pages-services-js":{"name":"component---src-pages-services-js","assets":[{"name":"styles.db4657ffb9c51f4a6ea9.css","size":19337},{"name":"0c428ae2-88832d264863051a9f9e.js","size":2590},{"name":"2455db69f288d6d300a68963d313bd25e7daaf14-4b53fdec7127de5cc5f5.js","size":22600},{"name":"component---src-pages-services-js-cc16266c836d9bfff3ef.js","size":5358}],"filteredAssets":0,"assetsSize":49885,"filteredAuxiliaryAssets":9,"auxiliaryAssetsSize":2632457}},"assetsByChunkName":{"polyfill":["webpack-runtime-eb5ba288ba29f3dce589.js","polyfill-86742af48722dbe64030.js"],"app":["webpack-runtime-eb5ba288ba29f3dce589.js","styles.db4657ffb9c51f4a6ea9.css","framework-df85d0ca2ce743d7ba5a.js","app-7fbb6a38597bf9b78640.js"],"component---src-pages-404-js":["styles.db4657ffb9c51f4a6ea9.css","0c428ae2-88832d264863051a9f9e.js","component---src-pages-404-js-4b4e678c9f259ebbede5.js"],"component---src-pages-home-page-js":["styles.db4657ffb9c51f4a6ea9.css","0c428ae2-88832d264863051a9f9e.js","78e521c3-f8c90ac8d031bc8b4095.js","1bfc9850-dcb89574fb127196bddb.js","9cff3bd197991cce19fdd05a671461eaa5759f80-def09805b5457d09d1ab.js"],"component---src-pages-index-js":["styles.db4657ffb9c51f4a6ea9.css","0c428ae2-88832d264863051a9f9e.js","78e521c3-f8c90ac8d031bc8b4095.js","1bfc9850-dcb89574fb127196bddb.js","9cff3bd197991cce19fdd05a671461eaa5759f80-def09805b5457d09d1ab.js","2455db69f288d6d300a68963d313bd25e7daaf14-4b53fdec7127de5cc5f5.js","component---src-pages-index-js-1cc8ec73b4faeecace12.js"],"component---src-pages-services-js":["styles.db4657ffb9c51f4a6ea9.css","0c428ae2-88832d264863051a9f9e.js","2455db69f288d6d300a68963d313bd25e7daaf14-4b53fdec7127de5cc5f5.js","component---src-pages-services-js-cc16266c836d9bfff3ef.js"]},"childAssetsByChunkName":{}}